EcoTypeID,VegID,ShrubSpecFrac
-999,GFShrub,1
999,GFShrub,1
1001,GFShrub,1
1002,GFShrub,1
1003,GFShrub,1
1004,GFShrub,1
1005,GFShrub,1
1006,GFShrub,1
1007,GFShrub,1
1008,GFShrub,1
1009,GFShrub,1
1010,GFShrub,1
1011,GFShrub,1
1012,GFShrub,1
1013,GFShrub,1
1014,GFShrub,1
1015,GFShrub,1
1016,GFShrub,1
1017,GFShrub,1
1018,GFShrub,1
1019,GFShrub,1
1020,GFShrub,1
1021,GFShrub,1
1022,GFShrub,1
1023,GFShrub,1
1024,GFShrub,1
1025,GFShrub,1
1026,GFShrub,1
1027,GFShrub,1
1028,GFShrub,1
1029,GFShrub,1
1030,GFShrub,1
1031,GFShrub,1
1032,GFShrub,1
1033,GFShrub,1
1034,GFShrub,1
1035,GFShrub,1
1036,GFShrub,1
1037,GFShrub,1
1038,GFShrub,1
1039,GFShrub,1
1040,GFShrub,1
1041,GFShrub,1
1042,GFShrub,1
1043,GFShrub,1
1044,GFShrub,1
1045,GFShrub,1
1046,GFShrub,1
1047,GFShrub,1
1048,GFShrub,1
1049,GFShrub,1
1050,GFShrub,1
1051,GFShrub,1
1052,GFShrub,1
1053,GFShrub,1
1054,GFShrub,1
1055,GFShrub,1
1056,GFShrub,1
1057,GFShrub,1
1058,GFShrub,1
1059,GFShrub,1
1060,GFShrub,1
1061,GFShrub,1
1062,GFShrub,1
1063,GFShrub,1
1064,GFShrub,1
1065,GFShrub,1
1066,GFShrub,1
1067,GFShrub,1
1068,GFShrub,1
1069,GFShrub,1
1070,GFShrub,1
1071,GFShrub,1
1072,GFShrub,1
1073,GFShrub,1
1074,GFShrub,1
1075,GFShrub,1
1079,GFShrub,1
1080,GFShrub,1
1090,GFShrub,1
1091,GFShrub,1
1092,GFShrub,1
1093,GFShrub,1
1096,GFShrub,1
1097,GFShrub,1
1098,GFShrub,1
1099,GFShrub,1
2203,GFShrub,1
2205,GFShrub,1
2210,GFShrub,1
2212,GFShrub,1
2214,GFShrub,1
2215,GFShrub,1
2218,GFShrub,1
2219,GFShrub,1
2221,GFShrub,1
2223,GFShrub,1
2227,GFShrub,1
2230,GFShrub,1
2231,GFShrub,1
2241,GFShrub,1
2243,GFShrub,1
2246,GFShrub,1
2252,GFShrub,1
2254,GFShrub,1
2255,GFShrub,1
2256,GFShrub,1
2257,GFShrub,1
2260,GFShrub,1
2261,GFShrub,1
2262,GFShrub,1
2263,GFShrub,1
2264,GFShrub,1
2265,GFShrub,1
2266,GFShrub,1
2267,GFShrub,1
2272,GFShrub,1
2276,GFShrub,1
2278,GFShrub,1
2279,GFShrub,1
2280,GFShrub,1
2281,GFShrub,1
2282,GFShrub,1
2287,GFShrub,1
2291,GFShrub,1
2295,GFShrub,1
2299,GFShrub,1
2306,GFShrub,1
2307,GFShrub,1
2309,GFShrub,1
2314,GFShrub,1
2317,GFShrub,1
2318,GFShrub,1
2319,GFShrub,1
2320,GFShrub,1
2321,GFShrub,1
2324,GFShrub,1
2325,GFShrub,1
2328,GFShrub,1
2329,GFShrub,1
2331,GFShrub,1
2332,GFShrub,1
2340,GFShrub,1
2343,GFShrub,1
2344,GFShrub,1
2347,GFShrub,1
2349,GFShrub,1
2350,GFShrub,1
2352,GFShrub,1
2353,GFShrub,1
2354,GFShrub,1
2355,GFShrub,1
2357,GFShrub,1
2364,GFShrub,1
2368,GFShrub,1
2400,GFShrub,1
2401,GFShrub,1
2402,GFShrub,1
2403,GFShrub,1
2404,GFShrub,1
2405,GFShrub,1
2406,GFShrub,1
2407,GFShrub,1
2408,GFShrub,1
2409,GFShrub,1
2410,GFShrub,1
2411,GFShrub,1
2412,GFShrub,1
2413,GFShrub,1
2414,GFShrub,1
2415,GFShrub,1
3001,GFShrub,1
3002,GFShrub,1
3003,GFShrub,1
3004,GFShrub,1
3006,GFShrub,1
3007,GFShrub,1
3008,GFShrub,1
3009,GFShrub,1
3011,GFShrub,1
3012,GFShrub,1
3013,GFShrub,1
3014,GFShrub,1
3015,GFShrub,1
3016,GFShrub,1
3017,GFShrub,1
3018,GFShrub,1
3019,GFShrub,1
3020,GFShrub,1
3021,GFShrub,1
3022,GFShrub,1
3023,GFShrub,1
3024,GFShrub,1
3025,GFShrub,1
3026,GFShrub,1
3027,GFShrub,1
3028,GFShrub,1
3029,GFShrub,1
3030,GFShrub,1
3031,GFShrub,1
3032,GFShrub,1
3033,GFShrub,1
3034,GFShrub,1
3035,GFShrub,1
3036,GFShrub,1
3037,GFShrub,1
3038,GFShrub,1
3039,GFShrub,1
3041,GFShrub,1
3042,GFShrub,1
3043,GFShrub,1
3044,GFShrub,1
3045,GFShrub,1
3046,GFShrub,1
3047,GFShrub,1
3048,GFShrub,1
3049,GFShrub,1
3050,GFShrub,1
3051,GFShrub,1
3052,GFShrub,1
3053,GFShrub,1
3054,GFShrub,1
3055,GFShrub,1
3056,GFShrub,1
3057,GFShrub,1
3058,GFShrub,1
3059,GFShrub,1
3060,GFShrub,1
3061,GFShrub,1
3062,GFShrub,1
3063,GFShrub,1
3064,GFShrub,1
3065,GFShrub,1
3066,GFShrub,1
3067,GFShrub,1
3068,GFShrub,1
3070,GFShrub,1
3071,GFShrub,1
3072,GFShrub,1
3074,GFShrub,1
3075,GFShrub,1
3076,GFShrub,1
3077,GFShrub,1
3078,GFShrub,1
3079,GFShrub,1
3080,GFShrub,1
3081,GFShrub,1
3082,GFShrub,1
3083,GFShrub,1
3084,GFShrub,1
3085,GFShrub,1
3086,GFShrub,1
3087,GFShrub,1
3088,GFShrub,1
3090,GFShrub,1
3091,GFShrub,1
3092,GFShrub,1
3093,GFShrub,1
3094,GFShrub,1
3095,GFShrub,1
3096,GFShrub,1
3097,GFShrub,1
3098,GFShrub,1
3099,GFShrub,1
3100,GFShrub,1
3101,GFShrub,1
3103,GFShrub,1
3104,GFShrub,1
3105,GFShrub,1
3106,GFShrub,1
3107,GFShrub,1
3108,GFShrub,1
3109,GFShrub,1
3110,GFShrub,1
3111,GFShrub,1
3112,GFShrub,1
3113,GFShrub,1
3114,GFShrub,1
3115,GFShrub,1
3116,GFShrub,1
3117,GFShrub,1
3118,GFShrub,1
3119,GFShrub,1
3120,GFShrub,1
3121,GFShrub,1
3122,GFShrub,1
3123,GFShrub,1
3124,GFShrub,1
3125,GFShrub,1
3126,GFShrub,1
3127,GFShrub,1
3128,GFShrub,1
3129,GFShrub,1
3130,GFShrub,1
3131,GFShrub,1
3132,GFShrub,1
3133,GFShrub,1
3134,GFShrub,1
3135,GFShrub,1
3136,GFShrub,1
3137,GFShrub,1
3138,GFShrub,1
3139,GFShrub,1
3140,GFShrub,1
3141,GFShrub,1
3142,GFShrub,1
3143,GFShrub,1
3144,GFShrub,1
3145,GFShrub,1
3146,GFShrub,1
3147,GFShrub,1
3148,GFShrub,1
3149,GFShrub,1
3150,GFShrub,1
3151,GFShrub,1
3152,GFShrub,1
3153,GFShrub,1
3154,GFShrub,1
3155,GFShrub,1
3156,GFShrub,1
3157,GFShrub,1
3158,GFShrub,1
3159,GFShrub,1
3160,GFShrub,1
3161,GFShrub,1
3162,GFShrub,1
3163,GFShrub,1
3164,GFShrub,1
3165,GFShrub,1
3166,GFShrub,1
3167,GFShrub,1
3168,GFShrub,1
3169,GFShrub,1
3170,GFShrub,1
3171,GFShrub,1
3172,GFShrub,1
3173,GFShrub,1
3174,GFShrub,1
3177,GFShrub,1
3178,GFShrub,1
3179,GFShrub,1
3180,GFShrub,1
3181,GFShrub,1
3182,GFShrub,1
3183,GFShrub,1
3184,GFShrub,1
3185,GFShrub,1
3186,GFShrub,1
3187,GFShrub,1
3191,GFShrub,1
3192,GFShrub,1
3193,GFShrub,1
3194,GFShrub,1
3195,GFShrub,1
3196,GFShrub,1
3199,GFShrub,1
3200,GFShrub,1
3201,GFShrub,1
3202,GFShrub,1
3203,GFShrub,1
3204,GFShrub,1
3205,GFShrub,1
3206,GFShrub,1
3207,GFShrub,1
3208,GFShrub,1
3209,GFShrub,1
3210,GFShrub,1
3211,GFShrub,1
3212,GFShrub,1
3213,GFShrub,1
3214,GFShrub,1
3215,GFShrub,1
3216,GFShrub,1
3217,GFShrub,1
3218,GFShrub,1
3219,GFShrub,1
3220,GFShrub,1
3221,GFShrub,1
3222,GFShrub,1
3223,GFShrub,1
3224,GFShrub,1
3225,GFShrub,1
3226,GFShrub,1
3227,GFShrub,1
3228,GFShrub,1
3229,GFShrub,1
3230,GFShrub,1
3231,GFShrub,1
3232,GFShrub,1
3233,GFShrub,1
3234,GFShrub,1
3235,GFShrub,1
3236,GFShrub,1
3237,GFShrub,1
3238,GFShrub,1
3239,GFShrub,1
3240,GFShrub,1
3241,GFShrub,1
3242,GFShrub,1
3243,GFShrub,1
3244,GFShrub,1
3245,GFShrub,1
3247,GFShrub,1
3248,GFShrub,1
3249,GFShrub,1
3250,GFShrub,1
3251,GFShrub,1
3252,GFShrub,1
3253,GFShrub,1
3254,GFShrub,1
3255,GFShrub,1
3256,GFShrub,1
3257,GFShrub,1
3258,GFShrub,1
3259,GFShrub,1
3260,GFShrub,1
3261,GFShrub,1
3262,GFShrub,1
3263,GFShrub,1
3264,GFShrub,1
3265,GFShrub,1
3266,GFShrub,1
3267,GFShrub,1
3268,GFShrub,1
3269,GFShrub,1
3270,GFShrub,1
3271,GFShrub,1
3272,GFShrub,1
3273,GFShrub,1
3274,GFShrub,1
3275,GFShrub,1
3276,GFShrub,1
3277,GFShrub,1
3278,GFShrub,1
3279,GFShrub,1
3280,GFShrub,1
3281,GFShrub,1
3282,GFShrub,1
3283,GFShrub,1
3284,GFShrub,1
3285,GFShrub,1
3286,GFShrub,1
3287,GFShrub,1
3288,GFShrub,1
3289,GFShrub,1
3290,GFShrub,1
3291,GFShrub,1
3292,GFShrub,1
3293,GFShrub,1
3294,GFShrub,1
3295,GFShrub,1
3296,GFShrub,1
3297,GFShrub,1
3298,GFShrub,1
3299,GFShrub,1
3300,GFShrub,1
3301,GFShrub,1
3302,GFShrub,1
3303,GFShrub,1
3304,GFShrub,1
3305,GFShrub,1
3306,GFShrub,1
3307,GFShrub,1
3308,GFShrub,1
3309,GFShrub,1
3310,GFShrub,1
3311,GFShrub,1
3312,GFShrub,1
3313,GFShrub,1
3314,GFShrub,1
3315,GFShrub,1
3316,GFShrub,1
3317,GFShrub,1
3318,GFShrub,1
3319,GFShrub,1
3320,GFShrub,1
3321,GFShrub,1
3322,GFShrub,1
3323,GFShrub,1
3324,GFShrub,1
3325,GFShrub,1
3326,GFShrub,1
3327,GFShrub,1
3328,GFShrub,1
3329,GFShrub,1
3330,GFShrub,1
3331,GFShrub,1
3332,GFShrub,1
3333,GFShrub,1
3334,GFShrub,1
3335,GFShrub,1
3336,GFShrub,1
3337,GFShrub,1
3338,GFShrub,1
3339,GFShrub,1
3340,GFShrub,1
3342,GFShrub,1
3343,GFShrub,1
3344,GFShrub,1
3346,GFShrub,1
3347,GFShrub,1
3348,GFShrub,1
3349,GFShrub,1
3350,GFShrub,1
3351,GFShrub,1
3352,GFShrub,1
3353,GFShrub,1
3354,GFShrub,1
3355,GFShrub,1
3356,GFShrub,1
3357,GFShrub,1
3358,GFShrub,1
3359,GFShrub,1
3361,GFShrub,1
3362,GFShrub,1
3363,GFShrub,1
3364,GFShrub,1
3365,GFShrub,1
3366,GFShrub,1
3367,GFShrub,1
3368,GFShrub,1
3369,GFShrub,1
3370,GFShrub,1
3371,GFShrub,1
3372,GFShrub,1
3373,GFShrub,1
3374,GFShrub,1
3375,GFShrub,1
3376,GFShrub,1
3377,GFShrub,1
3378,GFShrub,1
3379,GFShrub,1
3380,GFShrub,1
3381,GFShrub,1
3382,GFShrub,1
3383,GFShrub,1
3384,GFShrub,1
3385,GFShrub,1
3386,GFShrub,1
3387,GFShrub,1
3389,GFShrub,1
3390,GFShrub,1
3391,GFShrub,1
3392,GFShrub,1
3393,GFShrub,1
3394,GFShrub,1
3395,GFShrub,1
3396,GFShrub,1
3397,GFShrub,1
3398,GFShrub,1
3399,GFShrub,1
3400,GFShrub,1
3401,GFShrub,1
3402,GFShrub,1
3403,GFShrub,1
3405,GFShrub,1
3406,GFShrub,1
3407,GFShrub,1
3408,GFShrub,1
3409,GFShrub,1
3410,GFShrub,1
3411,GFShrub,1
3412,GFShrub,1
3413,GFShrub,1
3414,GFShrub,1
3415,GFShrub,1
3416,GFShrub,1
3417,GFShrub,1
3418,GFShrub,1
3419,GFShrub,1
3420,GFShrub,1
3421,GFShrub,1
3422,GFShrub,1
3423,GFShrub,1
3425,GFShrub,1
3426,GFShrub,1
3428,GFShrub,1
3429,GFShrub,1
3430,GFShrub,1
3433,GFShrub,1
3434,GFShrub,1
3435,GFShrub,1
3436,GFShrub,1
3437,GFShrub,1
3438,GFShrub,1
3439,GFShrub,1
3440,GFShrub,1
3442,GFShrub,1
3443,GFShrub,1
3444,GFShrub,1
3446,GFShrub,1
3447,GFShrub,1
3448,GFShrub,1
3449,GFShrub,1
3450,GFShrub,1
3451,GFShrub,1
3452,GFShrub,1
3453,GFShrub,1
3454,GFShrub,1
3455,GFShrub,1
3456,GFShrub,1
3457,GFShrub,1
3458,GFShrub,1
3459,GFShrub,1
3460,GFShrub,1
3461,GFShrub,1
3462,GFShrub,1
3463,GFShrub,1
3464,GFShrub,1
3466,GFShrub,1
3467,GFShrub,1
3468,GFShrub,1
3469,GFShrub,1
3470,GFShrub,1
3471,GFShrub,1
3472,GFShrub,1
3473,GFShrub,1
3474,GFShrub,1
3475,GFShrub,1
3476,GFShrub,1
3477,GFShrub,1
3478,GFShrub,1
3479,GFShrub,1
3480,GFShrub,1
3481,GFShrub,1
3482,GFShrub,1
3483,GFShrub,1
3485,GFShrub,1
3486,GFShrub,1
3488,GFShrub,1
3489,GFShrub,1
3490,GFShrub,1
3491,GFShrub,1
3492,GFShrub,1
3493,GFShrub,1
3494,GFShrub,1
3495,GFShrub,1
3497,GFShrub,1
3498,GFShrub,1
3499,GFShrub,1
3501,GFShrub,1
3502,GFShrub,1
3503,GFShrub,1
3504,GFShrub,1
3506,GFShrub,1
3507,GFShrub,1
3509,GFShrub,1
3510,GFShrub,1
3511,GFShrub,1
3512,GFShrub,1
3513,GFShrub,1
3517,GFShrub,1
3518,GFShrub,1
3519,GFShrub,1
3522,GFShrub,1
3523,GFShrub,1
3524,GFShrub,1
3525,GFShrub,1
3526,GFShrub,1
3527,GFShrub,1
3528,GFShrub,1
3529,GFShrub,1
3531,GFShrub,1
3532,GFShrub,1
3533,GFShrub,1
3534,GFShrub,1
3535,GFShrub,1
3536,GFShrub,1
3538,GFShrub,1
3539,GFShrub,1
3540,GFShrub,1
3546,GFShrub,1
3550,GFShrub,1
3551,GFShrub,1
3552,GFShrub,1
3553,GFShrub,1
3554,GFShrub,1
3555,GFShrub,1
3556,GFShrub,1
3557,GFShrub,1
3558,GFShrub,1
3559,GFShrub,1
3560,GFShrub,1
3561,GFShrub,1
3562,GFShrub,1
3563,GFShrub,1
3564,GFShrub,1
3565,GFShrub,1
3566,GFShrub,1
3567,GFShrub,1
3568,GFShrub,1
3569,GFShrub,1
3570,GFShrub,1
3571,GFShrub,1
3572,GFShrub,1
3573,GFShrub,1
3574,GFShrub,1
3575,GFShrub,1
3576,GFShrub,1
3577,GFShrub,1
3578,GFShrub,1
3579,GFShrub,1
3580,GFShrub,1
3581,GFShrub,1
3582,GFShrub,1
3583,GFShrub,1
3584,GFShrub,1
3585,GFShrub,1
3586,GFShrub,1
3587,GFShrub,1
3588,GFShrub,1
3589,GFShrub,1
3590,GFShrub,1
3591,GFShrub,1
3900,GFShrub,1
3901,GFShrub,1
3902,GFShrub,1
3903,GFShrub,1
3904,GFShrub,1
3905,GFShrub,1
3906,GFShrub,1
3907,GFShrub,1
3908,GFShrub,1
3909,GFShrub,1
3910,GFShrub,1
3911,GFShrub,1
3912,GFShrub,1
3913,GFShrub,1
3914,GFShrub,1
3915,GFShrub,1
3916,GFShrub,1
3917,GFShrub,1
3918,GFShrub,1
3919,GFShrub,1
3920,GFShrub,1
3921,GFShrub,1
3922,GFShrub,1
3923,GFShrub,1
3924,GFShrub,1
3925,GFShrub,1
3926,GFShrub,1
3927,GFShrub,1
3928,GFShrub,1
3929,GFShrub,1
3930,GFShrub,1
3931,GFShrub,1
3932,GFShrub,1
3933,GFShrub,1
3934,GFShrub,1
3935,GFShrub,1
3936,GFShrub,1
3937,GFShrub,1
3938,GFShrub,1
3939,GFShrub,1
3940,GFShrub,1
3941,GFShrub,1
3942,GFShrub,1
3943,GFShrub,1
3944,GFShrub,1
3945,GFShrub,1
3946,GFShrub,1
3947,GFShrub,1
3948,GFShrub,1
3949,GFShrub,1
3950,GFShrub,1
3951,GFShrub,1
3952,GFShrub,1
3953,GFShrub,1
3954,GFShrub,1
3955,GFShrub,1
3956,GFShrub,1
3957,GFShrub,1
3958,GFShrub,1
3959,GFShrub,1
3960,GFShrub,1
3961,GFShrub,1
3962,GFShrub,1
3963,GFShrub,1
3964,GFShrub,1
3965,GFShrub,1
3966,GFShrub,1
3967,GFShrub,1
3968,GFShrub,1
3969,GFShrub,1
3970,GFShrub,1
3971,GFShrub,1
3972,GFShrub,1
3973,GFShrub,1
3974,GFShrub,1
3975,GFShrub,1
3976,GFShrub,1
3977,GFShrub,1
3978,GFShrub,1
3979,GFShrub,1
3980,GFShrub,1
3981,GFShrub,1
3982,GFShrub,1
3983,GFShrub,1
3984,GFShrub,1
3985,GFShrub,1
3986,GFShrub,1
3987,GFShrub,1
3988,GFShrub,1
3989,GFShrub,1
3990,GFShrub,1
3991,GFShrub,1
3992,GFShrub,1
3993,GFShrub,1
3994,GFShrub,1
3995,GFShrub,1
3996,GFShrub,1
3997,GFShrub,1
3998,GFShrub,1
3999,GFShrub,1
5001,GFShrub,1
5002,GFShrub,1
5003,GFShrub,1
5004,GFShrub,1
5005,GFShrub,1
5006,GFShrub,1
5007,GFShrub,1
5008,GFShrub,1
5009,GFShrub,1
5010,GFShrub,1
5011,GFShrub,1
5012,GFShrub,1
5013,GFShrub,1
5014,GFShrub,1
5015,GFShrub,1
5016,GFShrub,1
5017,GFShrub,1
5018,GFShrub,1
5019,GFShrub,1
5020,GFShrub,1
5021,GFShrub,1
5022,GFShrub,1
5023,GFShrub,1
5024,GFShrub,1
5025,GFShrub,1
5026,GFShrub,1
5027,GFShrub,1
5028,GFShrub,1
5029,GFShrub,1
5030,GFShrub,1
5031,GFShrub,1
5032,GFShrub,1
5033,GFShrub,1
5034,GFShrub,1
5035,GFShrub,1
5036,GFShrub,1
5037,GFShrub,1
5038,GFShrub,1
5039,GFShrub,1
5040,GFShrub,1
5041,GFShrub,1
5042,GFShrub,1
5043,GFShrub,1
5044,GFShrub,1
5045,GFShrub,1
5046,GFShrub,1
5047,GFShrub,1
5048,GFShrub,1
5049,GFShrub,1
5050,GFShrub,1
5051,GFShrub,1
5052,GFShrub,1
5053,GFShrub,1
5054,GFShrub,1
5055,GFShrub,1
5056,GFShrub,1
5057,GFShrub,1
5058,GFShrub,1
5059,GFShrub,1
5060,GFShrub,1
5061,GFShrub,1
5062,GFShrub,1
5063,GFShrub,1
5064,GFShrub,1
5065,GFShrub,1
5066,GFShrub,1
5067,GFShrub,1
5068,GFShrub,1
5069,GFShrub,1
5070,GFShrub,1
5071,GFShrub,1
5072,GFShrub,1
5073,GFShrub,1
5074,GFShrub,1
5075,GFShrub,1
5076,GFShrub,1
5077,GFShrub,1
5078,GFShrub,1
5079,GFShrub,1
5080,GFShrub,1
5081,GFShrub,1
5082,GFShrub,1
5083,GFShrub,1
5084,GFShrub,1
5085,GFShrub,1
5086,GFShrub,1
5087,GFShrub,1
5088,GFShrub,1
5089,GFShrub,1
5090,GFShrub,1
5091,GFShrub,1
5092,GFShrub,1
5093,GFShrub,1
5094,GFShrub,1
5095,GFShrub,1
5096,GFShrub,1
5097,GFShrub,1
5098,GFShrub,1
5099,GFShrub,1
5100,GFShrub,1
5101,GFShrub,1
5102,GFShrub,1
5103,GFShrub,1
5104,GFShrub,1
5105,GFShrub,1
5106,GFShrub,1
5107,GFShrub,1
5108,GFShrub,1
5109,GFShrub,1
5110,GFShrub,1
5111,GFShrub,1
5112,GFShrub,1
5113,GFShrub,1
5114,GFShrub,1
5115,GFShrub,1
5116,GFShrub,1
5117,GFShrub,1
5118,GFShrub,1
5119,GFShrub,1
5120,GFShrub,1
5121,GFShrub,1
5122,GFShrub,1
5123,GFShrub,1
5124,GFShrub,1
5125,GFShrub,1
5126,GFShrub,1
5127,GFShrub,1
5128,GFShrub,1
5129,GFShrub,1
5130,GFShrub,1
5131,GFShrub,1
5132,GFShrub,1
5133,GFShrub,1
5134,GFShrub,1
5135,GFShrub,1
5136,GFShrub,1
5137,GFShrub,1
5138,GFShrub,1
5139,GFShrub,1
5140,GFShrub,1
5141,GFShrub,1
5142,GFShrub,1
5143,GFShrub,1
5144,GFShrub,1
5145,GFShrub,1
5146,GFShrub,1
5147,GFShrub,1
5148,GFShrub,1
5149,GFShrub,1
5150,GFShrub,1
5151,GFShrub,1
5152,GFShrub,1
5153,GFShrub,1
5154,GFShrub,1
5155,GFShrub,1
5156,GFShrub,1
5157,GFShrub,1
5158,GFShrub,1
5159,GFShrub,1
5160,GFShrub,1
5161,GFShrub,1
5162,GFShrub,1
5163,GFShrub,1
5164,GFShrub,1
5165,GFShrub,1
5166,GFShrub,1
5167,GFShrub,1
5168,GFShrub,1
5169,GFShrub,1
5170,GFShrub,1
5171,GFShrub,1
5172,GFShrub,1
5173,GFShrub,1
5174,GFShrub,1
5175,GFShrub,1
5176,GFShrub,1
5177,GFShrub,1
5179,GFShrub,1
5180,GFShrub,1
5181,GFShrub,1
5182,GFShrub,1
5183,GFShrub,1
5184,GFShrub,1
5185,GFShrub,1
5186,GFShrub,1
5187,GFShrub,1
5188,GFShrub,1
5189,GFShrub,1
5190,GFShrub,1
5191,GFShrub,1
5192,GFShrub,1
5193,GFShrub,1
5194,GFShrub,1
5195,GFShrub,1
5196,GFShrub,1
5197,GFShrub,1
5198,GFShrub,1
5199,GFShrub,1
5200,GFShrub,1
5201,GFShrub,1
5202,GFShrub,1
5203,GFShrub,1
5204,GFShrub,1
5205,GFShrub,1
5206,GFShrub,1
5207,GFShrub,1
5208,GFShrub,1
5209,GFShrub,1
5210,GFShrub,1
5211,GFShrub,1
5212,GFShrub,1
5213,GFShrub,1
5214,GFShrub,1
5215,GFShrub,1
5216,GFShrub,1
5217,GFShrub,1
5218,GFShrub,1
5219,GFShrub,1
5220,GFShrub,1
5221,GFShrub,1
5222,GFShrub,1
5223,GFShrub,1
5224,GFShrub,1
5225,GFShrub,1
5226,GFShrub,1
5227,GFShrub,1
5228,GFShrub,1
5229,GFShrub,1
5230,GFShrub,1
5231,GFShrub,1
5232,GFShrub,1
5233,GFShrub,1
5234,GFShrub,1
5235,GFShrub,1
5236,GFShrub,1
5237,GFShrub,1
5238,GFShrub,1
5239,GFShrub,1
5240,GFShrub,1
5241,GFShrub,1
5242,GFShrub,1
5243,GFShrub,1
5244,GFShrub,1
5245,GFShrub,1
5246,GFShrub,1
5247,GFShrub,1
5248,GFShrub,1
5249,GFShrub,1
5250,GFShrub,1
5251,GFShrub,1
5252,GFShrub,1
5253,GFShrub,1
5254,GFShrub,1
5255,GFShrub,1
5256,GFShrub,1
5257,GFShrub,1
5258,GFShrub,1
5259,GFShrub,1
5260,GFShrub,1
5261,GFShrub,1
5262,GFShrub,1
5263,GFShrub,1
5264,GFShrub,1
5265,GFShrub,1
5266,GFShrub,1
5267,GFShrub,1
5268,GFShrub,1
5269,GFShrub,1
5270,GFShrub,1
5271,GFShrub,1
5272,GFShrub,1
5273,GFShrub,1
5274,GFShrub,1
5275,GFShrub,1
5276,GFShrub,1
5277,GFShrub,1
5278,GFShrub,1
5279,GFShrub,1
5280,GFShrub,1
5281,GFShrub,1
5282,GFShrub,1
5283,GFShrub,1
5284,GFShrub,1
5285,GFShrub,1
5286,GFShrub,1
5287,GFShrub,1
5288,GFShrub,1
5289,GFShrub,1
5290,GFShrub,1
5291,GFShrub,1
5292,GFShrub,1
5293,GFShrub,1
5294,GFShrub,1
5295,GFShrub,1
5296,GFShrub,1
5297,GFShrub,1
5298,GFShrub,1
5299,GFShrub,1
5300,GFShrub,1
5301,GFShrub,1
5302,GFShrub,1
5303,GFShrub,1
5304,GFShrub,1
5305,GFShrub,1
5306,GFShrub,1
5307,GFShrub,1
5308,GFShrub,1
5309,GFShrub,1
5310,GFShrub,1
5311,GFShrub,1
5312,GFShrub,1
5313,GFShrub,1
5314,GFShrub,1
5315,GFShrub,1
5316,GFShrub,1
5317,GFShrub,1
5318,GFShrub,1
5319,GFShrub,1
5320,GFShrub,1
5321,GFShrub,1
5322,GFShrub,1
5323,GFShrub,1
5324,GFShrub,1
5325,GFShrub,1
5326,GFShrub,1
5327,GFShrub,1
5328,GFShrub,1
5329,GFShrub,1
5330,GFShrub,1
5331,GFShrub,1
5332,GFShrub,1
5333,GFShrub,1
5334,GFShrub,1
5335,GFShrub,1
5336,GFShrub,1
5337,GFShrub,1
5338,GFShrub,1
5339,GFShrub,1
5340,GFShrub,1
5341,GFShrub,1
5342,GFShrub,1
5343,GFShrub,1
5344,GFShrub,1
5345,GFShrub,1
5346,GFShrub,1
5347,GFShrub,1
5348,GFShrub,1
5349,GFShrub,1
5350,GFShrub,1
5351,GFShrub,1
5352,GFShrub,1
5353,GFShrub,1
5354,GFShrub,1
5355,GFShrub,1
5356,GFShrub,1
5357,GFShrub,1
5358,GFShrub,1
5359,GFShrub,1
5360,GFShrub,1
5361,GFShrub,1
5362,GFShrub,1
5363,GFShrub,1
5364,GFShrub,1
5365,GFShrub,1
5366,GFShrub,1
5367,GFShrub,1
5368,GFShrub,1
5369,GFShrub,1
5370,GFShrub,1
5371,GFShrub,1
5372,GFShrub,1
5373,GFShrub,1
5374,GFShrub,1
5375,GFShrub,1
5376,GFShrub,1
5377,GFShrub,1
5378,GFShrub,1
5379,GFShrub,1
5380,GFShrub,1
5381,GFShrub,1
5382,GFShrub,1
5383,GFShrub,1
5384,GFShrub,1
5385,GFShrub,1
5386,GFShrub,1
5387,GFShrub,1
5388,GFShrub,1
5389,GFShrub,1
5390,GFShrub,1
5391,GFShrub,1
5392,GFShrub,1
5393,GFShrub,1
5394,GFShrub,1
5395,GFShrub,1
5396,GFShrub,1
5397,GFShrub,1
5398,GFShrub,1
5399,GFShrub,1
5400,GFShrub,1
5401,GFShrub,1
5402,GFShrub,1
5403,GFShrub,1
5404,GFShrub,1
5405,GFShrub,1
5406,GFShrub,1
5407,GFShrub,1
5408,GFShrub,1
5409,GFShrub,1
5410,GFShrub,1
5411,GFShrub,1
5412,GFShrub,1
5413,GFShrub,1
5414,GFShrub,1
5415,GFShrub,1
5416,GFShrub,1
5417,GFShrub,1
5418,GFShrub,1
5419,GFShrub,1
5420,GFShrub,1
5421,GFShrub,1
5422,GFShrub,1
5423,GFShrub,1
5424,GFShrub,1
5425,GFShrub,1
5426,GFShrub,1
5427,GFShrub,1
5428,GFShrub,1
5429,GFShrub,1
5430,GFShrub,1
5431,GFShrub,1
5432,GFShrub,1
5433,GFShrub,1
5434,GFShrub,1
5435,GFShrub,1
5436,GFShrub,1
5437,GFShrub,1
5438,GFShrub,1
5439,GFShrub,1
5440,GFShrub,1
5441,GFShrub,1
5442,GFShrub,1
5443,GFShrub,1
5444,GFShrub,1
5445,GFShrub,1
5446,GFShrub,1
5447,GFShrub,1
5448,GFShrub,1
5449,GFShrub,1
5450,GFShrub,1
5451,GFShrub,1
5452,GFShrub,1
5453,GFShrub,1
5454,GFShrub,1
5455,GFShrub,1
5456,GFShrub,1
5457,GFShrub,1
5458,GFShrub,1
5459,GFShrub,1
5460,GFShrub,1
5461,GFShrub,1
5462,GFShrub,1
5463,GFShrub,1
5464,GFShrub,1
5465,GFShrub,1
5466,GFShrub,1
5467,GFShrub,1
5468,GFShrub,1
5469,GFShrub,1
5470,GFShrub,1
5471,GFShrub,1
5472,GFShrub,1
5473,GFShrub,1
5474,GFShrub,1
5475,GFShrub,1
5476,GFShrub,1
5477,GFShrub,1
5478,GFShrub,1
5479,GFShrub,1
5480,GFShrub,1
5481,GFShrub,1
5482,GFShrub,1
5483,GFShrub,1
5484,GFShrub,1
5485,GFShrub,1
5486,GFShrub,1
5487,GFShrub,1
5488,GFShrub,1
5489,GFShrub,1
5490,GFShrub,1
5491,GFShrub,1
5492,GFShrub,1
5493,GFShrub,1
5494,GFShrub,1
5495,GFShrub,1
5496,GFShrub,1
5497,GFShrub,1
5498,GFShrub,1
5499,GFShrub,1
5500,GFShrub,1
5501,GFShrub,1
5502,GFShrub,1
5503,GFShrub,1
5504,GFShrub,1
5505,GFShrub,1
5506,GFShrub,1
5507,GFShrub,1
5508,GFShrub,1
5509,GFShrub,1
5510,GFShrub,1
5511,GFShrub,1
5512,GFShrub,1
5513,GFShrub,1
5514,GFShrub,1
5515,GFShrub,1
5516,GFShrub,1
5517,GFShrub,1
5518,GFShrub,1
5519,GFShrub,1
5520,GFShrub,1
5521,GFShrub,1
5522,GFShrub,1
5523,GFShrub,1
5524,GFShrub,1
5525,GFShrub,1
5526,GFShrub,1
5527,GFShrub,1
5528,GFShrub,1
5529,GFShrub,1
5530,GFShrub,1
5531,GFShrub,1
5532,GFShrub,1
5533,GFShrub,1
5534,GFShrub,1
5535,GFShrub,1
5536,GFShrub,1
5537,GFShrub,1
5538,GFShrub,1
5539,GFShrub,1
5540,GFShrub,1
5541,GFShrub,1
5542,GFShrub,1
5543,GFShrub,1
5544,GFShrub,1
5545,GFShrub,1
5546,GFShrub,1
5547,GFShrub,1
5548,GFShrub,1
5549,GFShrub,1
5550,GFShrub,1
5551,GFShrub,1
5552,GFShrub,1
5553,GFShrub,1
5554,GFShrub,1
5555,GFShrub,1
5556,GFShrub,1
5557,GFShrub,1
5558,GFShrub,1
5559,GFShrub,1
5560,GFShrub,1
5561,GFShrub,1
5562,GFShrub,1
5563,GFShrub,1
5564,GFShrub,1
5565,GFShrub,1
5566,GFShrub,1
5567,GFShrub,1
5568,GFShrub,1
5569,GFShrub,1
5570,GFShrub,1
5571,GFShrub,1
5572,GFShrub,1
5573,GFShrub,1
5574,GFShrub,1
5575,GFShrub,1
5576,GFShrub,1
5577,GFShrub,1
5578,GFShrub,1
5579,GFShrub,1
5580,GFShrub,1
5581,GFShrub,1
5582,GFShrub,1
5583,GFShrub,1
5584,GFShrub,1
5585,GFShrub,1
5586,GFShrub,1
5587,GFShrub,1
5588,GFShrub,1
5589,GFShrub,1
5590,GFShrub,1
5591,GFShrub,1
5592,GFShrub,1
5593,GFShrub,1
5594,GFShrub,1
5595,GFShrub,1
5596,GFShrub,1
5597,GFShrub,1
5598,GFShrub,1
5599,GFShrub,1
5600,GFShrub,1
5601,GFShrub,1
5602,GFShrub,1
5603,GFShrub,1
5604,GFShrub,1
5605,GFShrub,1
5606,GFShrub,1
5607,GFShrub,1
5608,GFShrub,1
5609,GFShrub,1
5610,GFShrub,1
5611,GFShrub,1
5612,GFShrub,1
5613,GFShrub,1
5614,GFShrub,1
5615,GFShrub,1
5616,GFShrub,1
5617,GFShrub,1
5618,GFShrub,1
5619,GFShrub,1
5620,GFShrub,1
5621,GFShrub,1
5622,GFShrub,1
5623,GFShrub,1
5624,GFShrub,1
5625,GFShrub,1
5626,GFShrub,1
5627,GFShrub,1
5628,GFShrub,1
5629,GFShrub,1
5630,GFShrub,1
5631,GFShrub,1
5632,GFShrub,1
5633,GFShrub,1
5634,GFShrub,1
5635,GFShrub,1
5636,GFShrub,1
5637,GFShrub,1
5638,GFShrub,1
5639,GFShrub,1
5640,GFShrub,1
5641,GFShrub,1
5642,GFShrub,1
5643,GFShrub,1
5644,GFShrub,1
5645,GFShrub,1
5646,GFShrub,1
5647,GFShrub,1
5648,GFShrub,1
5649,GFShrub,1
5650,GFShrub,1
5651,GFShrub,1
5652,GFShrub,1
5653,GFShrub,1
5654,GFShrub,1
5655,GFShrub,1
5656,GFShrub,1
5657,GFShrub,1
5658,GFShrub,1
5659,GFShrub,1
5660,GFShrub,1
5661,GFShrub,1
5662,GFShrub,1
5663,GFShrub,1
5664,GFShrub,1
5665,GFShrub,1
5666,GFShrub,1
5667,GFShrub,1
5668,GFShrub,1
5669,GFShrub,1
5670,GFShrub,1
5671,GFShrub,1
5672,GFShrub,1
5673,GFShrub,1
5674,GFShrub,1
5675,GFShrub,1
5676,GFShrub,1
5677,GFShrub,1
5678,GFShrub,1
5679,GFShrub,1
5680,GFShrub,1
5681,GFShrub,1
5682,GFShrub,1
5683,GFShrub,1
5684,GFShrub,1
5685,GFShrub,1
5686,GFShrub,1
5687,GFShrub,1
5688,GFShrub,1
5689,GFShrub,1
5690,GFShrub,1
5691,GFShrub,1
5692,GFShrub,1
5693,GFShrub,1
5694,GFShrub,1
5695,GFShrub,1
5696,GFShrub,1
5697,GFShrub,1
5698,GFShrub,1
5699,GFShrub,1
5700,GFShrub,1
5701,GFShrub,1
5702,GFShrub,1
5703,GFShrub,1
5704,GFShrub,1
5705,GFShrub,1
5706,GFShrub,1
5707,GFShrub,1
5708,GFShrub,1
5709,GFShrub,1
5710,GFShrub,1
5711,GFShrub,1
5712,GFShrub,1
5713,GFShrub,1
5714,GFShrub,1
5715,GFShrub,1
5716,GFShrub,1
5717,GFShrub,1
5718,GFShrub,1
5719,GFShrub,1
5720,GFShrub,1
5721,GFShrub,1
5722,GFShrub,1
5723,GFShrub,1
5724,GFShrub,1
5725,GFShrub,1
5726,GFShrub,1
5727,GFShrub,1
5728,GFShrub,1
5729,GFShrub,1
5730,GFShrub,1
5731,GFShrub,1
5732,GFShrub,1
5733,GFShrub,1
5734,GFShrub,1
5735,GFShrub,1
5736,GFShrub,1
5737,GFShrub,1
5738,GFShrub,1
5739,GFShrub,1
5740,GFShrub,1
5741,GFShrub,1
5742,GFShrub,1
5743,GFShrub,1
5744,GFShrub,1
5745,GFShrub,1
5746,GFShrub,1
5747,GFShrub,1
5748,GFShrub,1
5749,GFShrub,1
5750,GFShrub,1
5751,GFShrub,1
5752,GFShrub,1
5753,GFShrub,1
5754,GFShrub,1
5755,GFShrub,1
5756,GFShrub,1
5757,GFShrub,1
5758,GFShrub,1
5759,GFShrub,1
5760,GFShrub,1
5761,GFShrub,1
5762,GFShrub,1
5763,GFShrub,1
5764,GFShrub,1
5765,GFShrub,1
5766,GFShrub,1
5767,GFShrub,1
5768,GFShrub,1
5769,GFShrub,1
5770,GFShrub,1
5771,GFShrub,1
5772,GFShrub,1
5773,GFShrub,1
5774,GFShrub,1
5775,GFShrub,1
5776,GFShrub,1
5777,GFShrub,1
5778,GFShrub,1
5779,GFShrub,1
5780,GFShrub,1
5781,GFShrub,1
5782,GFShrub,1
5783,GFShrub,1
5784,GFShrub,1
5785,GFShrub,1
5786,GFShrub,1
5787,GFShrub,1
5788,GFShrub,1
5789,GFShrub,1
5790,GFShrub,1
5791,GFShrub,1
5792,GFShrub,1
5793,GFShrub,1
5794,GFShrub,1
5795,GFShrub,1
5796,GFShrub,1
5797,GFShrub,1
5798,GFShrub,1
5799,GFShrub,1
5800,GFShrub,1
5801,GFShrub,1
5802,GFShrub,1
5803,GFShrub,1
5804,GFShrub,1
5805,GFShrub,1
5806,GFShrub,1
5807,GFShrub,1
5808,GFShrub,1
5809,GFShrub,1
5810,GFShrub,1
5811,GFShrub,1
5812,GFShrub,1
5813,GFShrub,1
5814,GFShrub,1
5815,GFShrub,1
5816,GFShrub,1
5817,GFShrub,1
5818,GFShrub,1
5819,GFShrub,1
5820,GFShrub,1
5821,GFShrub,1
5822,GFShrub,1
5823,GFShrub,1
5824,GFShrub,1
5825,GFShrub,1
5826,GFShrub,1
5827,GFShrub,1
5828,GFShrub,1
5829,GFShrub,1
5830,GFShrub,1
5831,GFShrub,1
5832,GFShrub,1
5833,GFShrub,1
5834,GFShrub,1
5835,GFShrub,1
5836,GFShrub,1
5837,GFShrub,1
5838,GFShrub,1
5839,GFShrub,1
5840,GFShrub,1
5841,GFShrub,1
5842,GFShrub,1
5843,GFShrub,1
5844,GFShrub,1
5845,GFShrub,1
5846,GFShrub,1
5847,GFShrub,1
5848,GFShrub,1
5849,GFShrub,1
5850,GFShrub,1
5851,GFShrub,1
5852,GFShrub,1
5853,GFShrub,1
5854,GFShrub,1
5855,GFShrub,1
5856,GFShrub,1
5857,GFShrub,1
5858,GFShrub,1
5859,GFShrub,1
5860,GFShrub,1
5861,GFShrub,1
5862,GFShrub,1
5863,GFShrub,1
5864,GFShrub,1
5865,GFShrub,1
5866,GFShrub,1
5867,GFShrub,1
5868,GFShrub,1
5869,GFShrub,1
6000,GFShrub,1
6001,GFShrub,1
6002,GFShrub,1
6003,GFShrub,1
6004,GFShrub,1
6005,GFShrub,1
6006,GFShrub,1
6007,GFShrub,1
6008,GFShrub,1
6009,GFShrub,1
6010,GFShrub,1
6011,GFShrub,1
6012,GFShrub,1
6013,GFShrub,1
6014,GFShrub,1
6015,GFShrub,1
6016,GFShrub,1
6017,GFShrub,1
6018,GFShrub,1
6019,GFShrub,1
6020,GFShrub,1
6021,GFShrub,1
6022,GFShrub,1
6023,GFShrub,1
6024,GFShrub,1
6025,GFShrub,1
6026,GFShrub,1
6027,GFShrub,1
6028,GFShrub,1
6029,GFShrub,1
6030,GFShrub,1
6031,GFShrub,1
6032,GFShrub,1
6033,GFShrub,1
6034,GFShrub,1
6035,GFShrub,1
6036,GFShrub,1
6037,GFShrub,1
6038,GFShrub,1
6039,GFShrub,1
6040,GFShrub,1
6041,GFShrub,1
6042,GFShrub,1
6043,GFShrub,1
6044,GFShrub,1
6045,GFShrub,1
6046,GFShrub,1
6047,GFShrub,1
6048,GFShrub,1
6049,GFShrub,1
6050,GFShrub,1
6051,GFShrub,1
6052,GFShrub,1
6053,GFShrub,1
6054,GFShrub,1
6055,GFShrub,1
6056,GFShrub,1
6057,GFShrub,1
6058,GFShrub,1
6059,GFShrub,1
6060,GFShrub,1
6061,GFShrub,1
6062,GFShrub,1
6063,GFShrub,1
6064,GFShrub,1
6065,GFShrub,1
6066,GFShrub,1
6067,GFShrub,1
6068,GFShrub,1
6069,GFShrub,1
6070,GFShrub,1
6071,GFShrub,1
6072,GFShrub,1
6073,GFShrub,1
6074,GFShrub,1
6075,GFShrub,1
6076,GFShrub,1
6077,GFShrub,1
6078,GFShrub,1
6079,GFShrub,1
6080,GFShrub,1
6081,GFShrub,1
6082,GFShrub,1
6083,GFShrub,1
6084,GFShrub,1
6085,GFShrub,1
6086,GFShrub,1
6087,GFShrub,1
6088,GFShrub,1
6089,GFShrub,1
6090,GFShrub,1
6091,GFShrub,1
6092,GFShrub,1
6093,GFShrub,1
6094,GFShrub,1
6095,GFShrub,1
6096,GFShrub,1
6097,GFShrub,1
6098,GFShrub,1
6099,GFShrub,1
6100,GFShrub,1
6101,GFShrub,1
6102,GFShrub,1
6103,GFShrub,1
6104,GFShrub,1
6105,GFShrub,1
6106,GFShrub,1
6107,GFShrub,1
6108,GFShrub,1
6109,GFShrub,1
6110,GFShrub,1
6111,GFShrub,1
6112,GFShrub,1
6113,GFShrub,1
6114,GFShrub,1
6115,GFShrub,1
6116,GFShrub,1
6117,GFShrub,1
6118,GFShrub,1
6119,GFShrub,1
6120,GFShrub,1
6121,GFShrub,1
6122,GFShrub,1
6123,GFShrub,1
6124,GFShrub,1
6125,GFShrub,1
6126,GFShrub,1
6127,GFShrub,1
6128,GFShrub,1
6129,GFShrub,1
6130,GFShrub,1
6131,GFShrub,1
6132,GFShrub,1
6133,GFShrub,1
6134,GFShrub,1
6135,GFShrub,1
6136,GFShrub,1
6137,GFShrub,1
6138,GFShrub,1
6139,GFShrub,1
6140,GFShrub,1
6141,GFShrub,1
6142,GFShrub,1
6143,GFShrub,1
6144,GFShrub,1
6145,GFShrub,1
6146,GFShrub,1
6147,GFShrub,1
6148,GFShrub,1
6149,GFShrub,1
6150,GFShrub,1
6151,GFShrub,1
6152,GFShrub,1
6153,GFShrub,1
6154,GFShrub,1
6155,GFShrub,1
6156,GFShrub,1
6157,GFShrub,1
6158,GFShrub,1
6159,GFShrub,1
6160,GFShrub,1
6161,GFShrub,1
6162,GFShrub,1
6163,GFShrub,1
6164,GFShrub,1
6165,GFShrub,1
6166,GFShrub,1
6167,GFShrub,1
6168,GFShrub,1
6169,GFShrub,1
6170,GFShrub,1
6171,GFShrub,1
6172,GFShrub,1
6173,GFShrub,1
6174,GFShrub,1
6175,GFShrub,1
6176,GFShrub,1
6177,GFShrub,1
6178,GFShrub,1
6179,GFShrub,1
6180,GFShrub,1
6181,GFShrub,1
6182,GFShrub,1
6183,GFShrub,1
6184,GFShrub,1
6185,GFShrub,1
6186,GFShrub,1
6187,GFShrub,1
6188,GFShrub,1
6189,GFShrub,1
6190,GFShrub,1
6191,GFShrub,1
6192,GFShrub,1
6193,GFShrub,1
6194,GFShrub,1
6195,GFShrub,1
6196,GFShrub,1
6197,GFShrub,1
6198,GFShrub,1
6199,GFShrub,1
6200,GFShrub,1
6201,GFShrub,1
6202,GFShrub,1
6203,GFShrub,1
6204,GFShrub,1
6205,GFShrub,1
6206,GFShrub,1
6207,GFShrub,1
6208,GFShrub,1
6209,GFShrub,1
6210,GFShrub,1
6211,GFShrub,1
6212,GFShrub,1
6213,GFShrub,1
6214,GFShrub,1
6215,GFShrub,1
6216,GFShrub,1
6217,GFShrub,1
6218,GFShrub,1
6219,GFShrub,1
6220,GFShrub,1
6221,GFShrub,1
6222,GFShrub,1
6223,GFShrub,1
6224,GFShrub,1
6225,GFShrub,1
6226,GFShrub,1
6227,GFShrub,1
6228,GFShrub,1
6229,GFShrub,1
6230,GFShrub,1
6231,GFShrub,1
6232,GFShrub,1
6233,GFShrub,1
6234,GFShrub,1
6235,GFShrub,1
6236,GFShrub,1
6237,GFShrub,1
6238,GFShrub,1
6239,GFShrub,1
6240,GFShrub,1
6241,GFShrub,1
6242,GFShrub,1
6243,GFShrub,1
6244,GFShrub,1
6245,GFShrub,1
6246,GFShrub,1
6247,GFShrub,1
6248,GFShrub,1
6249,GFShrub,1
6250,GFShrub,1
6251,GFShrub,1
6252,GFShrub,1
6253,GFShrub,1
6254,GFShrub,1
6255,GFShrub,1
6256,GFShrub,1
6257,GFShrub,1
6258,GFShrub,1
6259,GFShrub,1
6260,GFShrub,1
6261,GFShrub,1
6262,GFShrub,1
6263,GFShrub,1
6264,GFShrub,1
6265,GFShrub,1
6266,GFShrub,1
6267,GFShrub,1
6268,GFShrub,1
6269,GFShrub,1
6270,GFShrub,1
6271,GFShrub,1
6272,GFShrub,1
6273,GFShrub,1
6274,GFShrub,1
6275,GFShrub,1
6276,GFShrub,1
6277,GFShrub,1
6278,GFShrub,1
6279,GFShrub,1
6280,GFShrub,1
6281,GFShrub,1
6282,GFShrub,1
6283,GFShrub,1
6284,GFShrub,1
6285,GFShrub,1
6286,GFShrub,1
6287,GFShrub,1
6288,GFShrub,1
6289,GFShrub,1
6290,GFShrub,1
6291,GFShrub,1
6292,GFShrub,1
6293,GFShrub,1
6294,GFShrub,1
6295,GFShrub,1
6296,GFShrub,1
6297,GFShrub,1
6298,GFShrub,1
6299,GFShrub,1
6300,GFShrub,1
6301,GFShrub,1
6302,GFShrub,1
6303,GFShrub,1
6304,GFShrub,1
6305,GFShrub,1
6306,GFShrub,1
6307,GFShrub,1
6308,GFShrub,1
6309,GFShrub,1
6310,GFShrub,1
6311,GFShrub,1
6312,GFShrub,1
6313,GFShrub,1
6314,GFShrub,1
6315,GFShrub,1
6316,GFShrub,1
6317,GFShrub,1
6318,GFShrub,1
6319,GFShrub,1
6320,GFShrub,1
6321,GFShrub,1
6322,GFShrub,1
6323,GFShrub,1
6324,GFShrub,1
6325,GFShrub,1
6326,GFShrub,1
6327,GFShrub,1
6328,GFShrub,1
6329,GFShrub,1
6330,GFShrub,1
6331,GFShrub,1
6332,GFShrub,1
6333,GFShrub,1
6334,GFShrub,1
6335,GFShrub,1
6336,GFShrub,1
6337,GFShrub,1
6338,GFShrub,1
6339,GFShrub,1
6340,GFShrub,1
6341,GFShrub,1
6342,GFShrub,1
6343,GFShrub,1
6344,GFShrub,1
6345,GFShrub,1
6346,GFShrub,1
6347,GFShrub,1
6348,GFShrub,1
6349,GFShrub,1
6350,GFShrub,1
6351,GFShrub,1
6352,GFShrub,1
6353,GFShrub,1
6354,GFShrub,1
6355,GFShrub,1
6356,GFShrub,1
6357,GFShrub,1
6358,GFShrub,1
6359,GFShrub,1
6360,GFShrub,1
6361,GFShrub,1
6362,GFShrub,1
6363,GFShrub,1
6364,GFShrub,1
6365,GFShrub,1
6366,GFShrub,1
6367,GFShrub,1
6368,GFShrub,1
6369,GFShrub,1
6370,GFShrub,1
6371,GFShrub,1
6372,GFShrub,1
6373,GFShrub,1
6374,GFShrub,1
6375,GFShrub,1
6376,GFShrub,1
6377,GFShrub,1
6378,GFShrub,1
6379,GFShrub,1
6380,GFShrub,1
6381,GFShrub,1
6382,GFShrub,1
6383,GFShrub,1
6384,GFShrub,1
6385,GFShrub,1
6386,GFShrub,1
6387,GFShrub,1
6388,GFShrub,1
6389,GFShrub,1
6390,GFShrub,1
6391,GFShrub,1
6392,GFShrub,1
6393,GFShrub,1
6394,GFShrub,1
6395,GFShrub,1
6396,GFShrub,1
6397,GFShrub,1
6398,GFShrub,1
6399,GFShrub,1
6400,GFShrub,1
6401,GFShrub,1
6402,GFShrub,1
6403,GFShrub,1
6404,GFShrub,1
6405,GFShrub,1
6406,GFShrub,1
6407,GFShrub,1
6408,GFShrub,1
6409,GFShrub,1
6410,GFShrub,1
6411,GFShrub,1
6412,GFShrub,1
6413,GFShrub,1
6414,GFShrub,1
6415,GFShrub,1
6416,GFShrub,1
6417,GFShrub,1
6418,GFShrub,1
6419,GFShrub,1
6420,GFShrub,1
6421,GFShrub,1
6422,GFShrub,1
6423,GFShrub,1
6424,GFShrub,1
6425,GFShrub,1
6426,GFShrub,1
6427,GFShrub,1
6428,GFShrub,1
6429,GFShrub,1
6430,GFShrub,1
6431,GFShrub,1
6432,GFShrub,1
6433,GFShrub,1
6434,GFShrub,1
6435,GFShrub,1
6436,GFShrub,1
6437,GFShrub,1
6438,GFShrub,1
6439,GFShrub,1
6440,GFShrub,1
6441,GFShrub,1
6442,GFShrub,1
6443,GFShrub,1
6444,GFShrub,1
6445,GFShrub,1
6446,GFShrub,1
6447,GFShrub,1
6448,GFShrub,1
6449,GFShrub,1
6450,GFShrub,1
6451,GFShrub,1
6452,GFShrub,1
6453,GFShrub,1
6454,GFShrub,1
6455,GFShrub,1
6456,GFShrub,1
6457,GFShrub,1
6458,GFShrub,1
6459,GFShrub,1
6460,GFShrub,1
6461,GFShrub,1
6462,GFShrub,1
6463,GFShrub,1
6464,GFShrub,1
6465,GFShrub,1
6466,GFShrub,1
6467,GFShrub,1
6468,GFShrub,1
6469,GFShrub,1
6470,GFShrub,1
6471,GFShrub,1
6472,GFShrub,1
6473,GFShrub,1
6474,GFShrub,1
6475,GFShrub,1
6476,GFShrub,1
6477,GFShrub,1
6478,GFShrub,1
6479,GFShrub,1
6480,GFShrub,1
6481,GFShrub,1
6482,GFShrub,1
6483,GFShrub,1
6484,GFShrub,1
6485,GFShrub,1
6486,GFShrub,1
6487,GFShrub,1
6488,GFShrub,1
6489,GFShrub,1
6490,GFShrub,1
6491,GFShrub,1
6492,GFShrub,1
6493,GFShrub,1
6494,GFShrub,1
6495,GFShrub,1
6496,GFShrub,1
6497,GFShrub,1
6498,GFShrub,1
6499,GFShrub,1
6500,GFShrub,1
6501,GFShrub,1
6502,GFShrub,1
6503,GFShrub,1
6504,GFShrub,1
6505,GFShrub,1
6506,GFShrub,1
6507,GFShrub,1
6508,GFShrub,1
6509,GFShrub,1
6510,GFShrub,1
6511,GFShrub,1
6512,GFShrub,1
6513,GFShrub,1
6514,GFShrub,1
6515,GFShrub,1
6516,GFShrub,1
6517,GFShrub,1
6518,GFShrub,1
6519,GFShrub,1
6520,GFShrub,1
6521,GFShrub,1
6522,GFShrub,1
6523,GFShrub,1
6524,GFShrub,1
6525,GFShrub,1
6526,GFShrub,1
6527,GFShrub,1
6528,GFShrub,1
6529,GFShrub,1
6530,GFShrub,1
6531,GFShrub,1
6532,GFShrub,1
6533,GFShrub,1
6534,GFShrub,1
6535,GFShrub,1
6536,GFShrub,1
6537,GFShrub,1
6538,GFShrub,1
6539,GFShrub,1
6540,GFShrub,1
6541,GFShrub,1
6542,GFShrub,1
6543,GFShrub,1
6544,GFShrub,1
6545,GFShrub,1
6546,GFShrub,1
6547,GFShrub,1
6548,GFShrub,1
6549,GFShrub,1
6550,GFShrub,1
6551,GFShrub,1
6552,GFShrub,1
6553,GFShrub,1
6554,GFShrub,1
6555,GFShrub,1
6556,GFShrub,1
6557,GFShrub,1
6558,GFShrub,1
6559,GFShrub,1
6560,GFShrub,1
6561,GFShrub,1
6562,GFShrub,1
6563,GFShrub,1
6564,GFShrub,1
6565,GFShrub,1
6566,GFShrub,1
6567,GFShrub,1
6568,GFShrub,1
6569,GFShrub,1
6570,GFShrub,1
6571,GFShrub,1
6572,GFShrub,1
6573,GFShrub,1
6574,GFShrub,1
6575,GFShrub,1
6576,GFShrub,1
6577,GFShrub,1
6578,GFShrub,1
6579,GFShrub,1
6580,GFShrub,1
6581,GFShrub,1
6582,GFShrub,1
6583,GFShrub,1
6584,GFShrub,1
6585,GFShrub,1
6586,GFShrub,1
6587,GFShrub,1
6588,GFShrub,1
6589,GFShrub,1
6590,GFShrub,1
6591,GFShrub,1
6592,GFShrub,1
6593,GFShrub,1
6594,GFShrub,1
6595,GFShrub,1
6596,GFShrub,1
6597,GFShrub,1
6598,GFShrub,1
6599,GFShrub,1
6600,GFShrub,1
6601,GFShrub,1
6602,GFShrub,1
6603,GFShrub,1
6604,GFShrub,1
6605,GFShrub,1
6606,GFShrub,1
6607,GFShrub,1
6608,GFShrub,1
6609,GFShrub,1
6610,GFShrub,1
6611,GFShrub,1
6612,GFShrub,1
6613,GFShrub,1
6614,GFShrub,1
6615,GFShrub,1
6616,GFShrub,1
6617,GFShrub,1
6618,GFShrub,1
6619,GFShrub,1
6620,GFShrub,1
6621,GFShrub,1
6622,GFShrub,1
6623,GFShrub,1
6624,GFShrub,1
6625,GFShrub,1
6626,GFShrub,1
6627,GFShrub,1
6628,GFShrub,1
6629,GFShrub,1
6630,GFShrub,1
6631,GFShrub,1
6632,GFShrub,1
6633,GFShrub,1
6634,GFShrub,1
6635,GFShrub,1
6636,GFShrub,1
6637,GFShrub,1
6638,GFShrub,1
6639,GFShrub,1
6640,GFShrub,1
6641,GFShrub,1
6642,GFShrub,1
6643,GFShrub,1
6644,GFShrub,1
6645,GFShrub,1
6646,GFShrub,1
6647,GFShrub,1
6648,GFShrub,1
6649,GFShrub,1
6650,GFShrub,1
6651,GFShrub,1
6652,GFShrub,1
6653,GFShrub,1
6654,GFShrub,1
6655,GFShrub,1
6656,GFShrub,1
6657,GFShrub,1
6658,GFShrub,1
6659,GFShrub,1
6660,GFShrub,1
6661,GFShrub,1
6662,GFShrub,1
6663,GFShrub,1
6664,GFShrub,1
6665,GFShrub,1
6666,GFShrub,1
6667,GFShrub,1
6668,GFShrub,1
6669,GFShrub,1
6670,GFShrub,1
6671,GFShrub,1
6672,GFShrub,1
6673,GFShrub,1
6674,GFShrub,1
6675,GFShrub,1
6676,GFShrub,1
6677,GFShrub,1
6678,GFShrub,1
6679,GFShrub,1
6680,GFShrub,1
6681,GFShrub,1
6682,GFShrub,1
6683,GFShrub,1
6684,GFShrub,1
6685,GFShrub,1
6686,GFShrub,1
6687,GFShrub,1
6688,GFShrub,1
6689,GFShrub,1
6690,GFShrub,1
6691,GFShrub,1
6692,GFShrub,1
6693,GFShrub,1
6694,GFShrub,1
6695,GFShrub,1
6696,GFShrub,1
6697,GFShrub,1
6698,GFShrub,1
6699,GFShrub,1
6700,GFShrub,1
6701,GFShrub,1
6702,GFShrub,1
6703,GFShrub,1
6704,GFShrub,1
6705,GFShrub,1
6706,GFShrub,1
6707,GFShrub,1
6708,GFShrub,1
6709,GFShrub,1
6710,GFShrub,1
6711,GFShrub,1
6712,GFShrub,1
6713,GFShrub,1
6714,GFShrub,1
6715,GFShrub,1
6716,GFShrub,1
6717,GFShrub,1
6718,GFShrub,1
6719,GFShrub,1
6720,GFShrub,1
6721,GFShrub,1
6722,GFShrub,1
6723,GFShrub,1
6724,GFShrub,1
6725,GFShrub,1
6726,GFShrub,1
6727,GFShrub,1
6728,GFShrub,1
6729,GFShrub,1
6730,GFShrub,1
6731,GFShrub,1
6732,GFShrub,1
6733,GFShrub,1
6734,GFShrub,1
6735,GFShrub,1
6736,GFShrub,1
6737,GFShrub,1
6738,GFShrub,1
6739,GFShrub,1
6740,GFShrub,1
6741,GFShrub,1
6742,GFShrub,1
6743,GFShrub,1
6744,GFShrub,1
6745,GFShrub,1
6746,GFShrub,1
6747,GFShrub,1
6748,GFShrub,1
6749,GFShrub,1
6750,GFShrub,1
6751,GFShrub,1
6752,GFShrub,1
6753,GFShrub,1
6754,GFShrub,1
6755,GFShrub,1
6756,GFShrub,1
6757,GFShrub,1
6758,GFShrub,1
6759,GFShrub,1
6760,GFShrub,1
6761,GFShrub,1
6762,GFShrub,1
6763,GFShrub,1
6764,GFShrub,1
6765,GFShrub,1
6766,GFShrub,1
6767,GFShrub,1
6768,GFShrub,1
6769,GFShrub,1
6770,GFShrub,1
6771,GFShrub,1
6772,GFShrub,1
6773,GFShrub,1
6774,GFShrub,1
6775,GFShrub,1
6776,GFShrub,1
6777,GFShrub,1
6778,GFShrub,1
6779,GFShrub,1
6780,GFShrub,1
6781,GFShrub,1
6782,GFShrub,1
6783,GFShrub,1
6784,GFShrub,1
6785,GFShrub,1
6786,GFShrub,1
6787,GFShrub,1
6788,GFShrub,1
6789,GFShrub,1
6790,GFShrub,1
6791,GFShrub,1
6792,GFShrub,1
6793,GFShrub,1
6794,GFShrub,1
6795,GFShrub,1
6796,GFShrub,1
6797,GFShrub,1
6798,GFShrub,1
6799,GFShrub,1
6800,GFShrub,1
6801,GFShrub,1
6802,GFShrub,1
6803,GFShrub,1
6804,GFShrub,1
6805,GFShrub,1
6806,GFShrub,1
6807,GFShrub,1
6808,GFShrub,1
6809,GFShrub,1
6810,GFShrub,1
6811,GFShrub,1
6812,GFShrub,1
6813,GFShrub,1
6814,GFShrub,1
6815,GFShrub,1
6816,GFShrub,1
6817,GFShrub,1
6818,GFShrub,1
6819,GFShrub,1
6820,GFShrub,1
6821,GFShrub,1
6822,GFShrub,1
6823,GFShrub,1
6824,GFShrub,1
6825,GFShrub,1
6826,GFShrub,1
6827,GFShrub,1
6828,GFShrub,1
6829,GFShrub,1
6830,GFShrub,1
6831,GFShrub,1
6832,GFShrub,1
6833,GFShrub,1
6834,GFShrub,1
6835,GFShrub,1
6836,GFShrub,1
6837,GFShrub,1
6838,GFShrub,1
6839,GFShrub,1
6840,GFShrub,1
6841,GFShrub,1
6842,GFShrub,1
6843,GFShrub,1
6844,GFShrub,1
6845,GFShrub,1
6846,GFShrub,1
6847,GFShrub,1
6848,GFShrub,1
6849,GFShrub,1
6850,GFShrub,1
6851,GFShrub,1
6852,GFShrub,1
6853,GFShrub,1
6854,GFShrub,1
6855,GFShrub,1
6856,GFShrub,1
6857,GFShrub,1
6858,GFShrub,1
6859,GFShrub,1
6860,GFShrub,1
6861,GFShrub,1
6862,GFShrub,1
6863,GFShrub,1
6864,GFShrub,1
6865,GFShrub,1
6866,GFShrub,1
6867,GFShrub,1
6868,GFShrub,1
6869,GFShrub,1
6870,GFShrub,1
6871,GFShrub,1
6872,GFShrub,1
6873,GFShrub,1
6874,GFShrub,1
6875,GFShrub,1
6876,GFShrub,1
6877,GFShrub,1
6878,GFShrub,1
6879,GFShrub,1
6880,GFShrub,1
6881,GFShrub,1
6882,GFShrub,1
6883,GFShrub,1
6884,GFShrub,1
6885,GFShrub,1
6886,GFShrub,1
6887,GFShrub,1
6888,GFShrub,1
6889,GFShrub,1
6890,GFShrub,1
6891,GFShrub,1
6892,GFShrub,1
6893,GFShrub,1
6894,GFShrub,1
6895,GFShrub,1
6896,GFShrub,1
6897,GFShrub,1
6898,GFShrub,1
6899,GFShrub,1
6900,GFShrub,1
6901,GFShrub,1
6902,GFShrub,1
6903,GFShrub,1
6904,GFShrub,1
6905,GFShrub,1
6906,GFShrub,1
6907,GFShrub,1
6908,GFShrub,1
6909,GFShrub,1
6910,GFShrub,1
6911,GFShrub,1
6912,GFShrub,1
6913,GFShrub,1
6914,GFShrub,1
6915,GFShrub,1
6916,GFShrub,1
6917,GFShrub,1
6918,GFShrub,1
6919,GFShrub,1
6920,GFShrub,1
6921,GFShrub,1
6922,GFShrub,1
6923,GFShrub,1
6924,GFShrub,1
6925,GFShrub,1
6926,GFShrub,1
6927,GFShrub,1
6928,GFShrub,1
6929,GFShrub,1
6930,GFShrub,1
6931,GFShrub,1
6932,GFShrub,1
6933,GFShrub,1
6934,GFShrub,1
6935,GFShrub,1
6936,GFShrub,1
6937,GFShrub,1
6938,GFShrub,1
6939,GFShrub,1
6940,GFShrub,1
6941,GFShrub,1
6942,GFShrub,1
6943,GFShrub,1
6944,GFShrub,1
6945,GFShrub,1
6946,GFShrub,1
6947,GFShrub,1
6948,GFShrub,1
6949,GFShrub,1
6950,GFShrub,1
6951,GFShrub,1
6952,GFShrub,1
6953,GFShrub,1
6954,GFShrub,1
6955,GFShrub,1
6956,GFShrub,1
6957,GFShrub,1
6958,GFShrub,1
6959,GFShrub,1
6960,GFShrub,1
6961,GFShrub,1
6962,GFShrub,1
6963,GFShrub,1
6964,GFShrub,1
6965,GFShrub,1
6966,GFShrub,1
6967,GFShrub,1
6968,GFShrub,1
6969,GFShrub,1
6970,GFShrub,1
6971,GFShrub,1
6972,GFShrub,1
6973,GFShrub,1
6974,GFShrub,1
6975,GFShrub,1
6976,GFShrub,1
6977,GFShrub,1
6978,GFShrub,1
6979,GFShrub,1
6980,GFShrub,1
6981,GFShrub,1
6982,GFShrub,1
6983,GFShrub,1
6984,GFShrub,1
6985,GFShrub,1
6986,GFShrub,1
6987,GFShrub,1
6988,GFShrub,1
6989,GFShrub,1
6990,GFShrub,1
6991,GFShrub,1
6992,GFShrub,1
6993,GFShrub,1
6994,GFShrub,1
6995,GFShrub,1
6996,GFShrub,1
6997,GFShrub,1
6998,GFShrub,1
6999,GFShrub,1
